Sheet,Game,Question,Category,Question Type,Options,Correct Answer,Active,Intensity,Tone,Relationship Area,Tags,Notes,Memory Lane Mode,Avoid If,Game Suitability,AI Use Case,Repeat Group,Original Sheet,Original Question Type
Most Like To,Most Likely To,Who is most likely to keep a secret surprise until the perfect moment?,Connection,Multiple Choice,Jay | Kim | Both | Neither,,TRUE,2,light,emotional,playful;observant,,,,party;couples,engagement,,,
Most Like To,Most Likely To,Who is most likely to notice when the other person is pretending to be fine?,Connection,Multiple Choice,Jay | Kim | Both | Neither,,TRUE,3,warm,emotional,empathy;awareness,,,,couples;deep talk,insight,,,
Most Like To,Most Likely To,Who is most likely to suggest one more round?,Fun,Multiple Choice,Jay | Kim | Both | Neither,,TRUE,1,playful,social,energy;social,,,,party,engagement,,,
Most Like To,Most Likely To,Who is most likely to get caught smiling at their phone?,Romance,Multiple Choice,Jay | Kim | Both | Neither,,TRUE,2,light,romantic,flirty;subtle,,,,couples,engagement,,,
Most Like To,Most Likely To,Who is most likely to bring up an old inside joke at exactly the right time?,Connection,Multiple Choice,Jay | Kim | Both | Neither,,TRUE,2,playful,social,humor;memory,,,,friends;couples,engagement,,,
Most Like To,Most Likely To,Who is most likely to say yes to a dare?,Fun,Multiple Choice,Jay | Kim | Both | Neither,,TRUE,2,playful,social,bold;risk,,,,party,engagement,,,
Most Like To,Most Likely To,Who is most likely to secretly enjoy being teased?,Romance,Multiple Choice,Jay | Kim | Both | Neither,,TRUE,3,flirty,romantic,flirty;teasing,,,,couples,engagement,,,
Most Like To,Most Likely To,Who is most likely to make the scoreboard personal?,Competition,Multiple Choice,Jay | Kim | Both | Neither,,TRUE,2,playful,social,competitive;playful,,,,games,engagement,,,
Most Like To,Most Likely To,Who is most likely to laugh at the wrong moment?,Fun,Multiple Choice,Jay | Kim | Both | Neither,,TRUE,1,light,social,awkward;humor,,,,party,engagement,,,
Most Like To,Most Likely To,Who is most likely to turn a small moment into a big memory?,Connection,Multiple Choice,Jay | Kim | Both | Neither,,TRUE,3,warm,emotional,sentimental;present,,,,couples,insight,,,
Most Like To,Most Likely To,Who is most likely to overthink a simple text message?,Personality,Multiple Choice,Jay | Kim | Both | Neither,,TRUE,2,light,emotional,overthinking;anxious,,,,solo;couples,insight,,,
Most Like To,Most Likely To,Who is most likely to hype the other person up for no reason?,Connection,Multiple Choice,Jay | Kim | Both | Neither,,TRUE,1,playful,emotional,supportive;energy,,,,friends;couples,engagement,,,
Most Like To,Most Likely To,Who is most likely to remember something tiny from months ago?,Connection,Multiple Choice,Jay | Kim | Both | Neither,,TRUE,2,warm,emotional,detail;memory,,,,couples,insight,,,
Most Like To,Most Likely To,Who is most likely to fall asleep mid-conversation?,Personality,Multiple Choice,Jay | Kim | Both | Neither,,TRUE,1,light,emotional,tired;comfort,,,,couples,engagement,,,
Most Like To,Most Likely To,Who is most likely to pretend they’re not competitive (but totally are)?,Competition,Multiple Choice,Jay | Kim | Both | Neither,,TRUE,2,playful,social,competitive;hidden,,,,games,engagement,,,
Most Like To,Most Likely To,Who is most likely to plan something spontaneous?,Fun,Multiple Choice,Jay | Kim | Both | Neither,,TRUE,2,playful,social,spontaneous;adventure,,,,friends;couples,engagement,,,
Most Like To,Most Likely To,Who is most likely to get distracted halfway through a story?,Personality,Multiple Choice,Jay | Kim | Both | Neither,,TRUE,1,light,social,scatter;funny,,,,party,engagement,,,
Most Like To,Most Likely To,Who is most likely to start a playful argument just for fun?,Fun,Multiple Choice,Jay | Kim | Both | Neither,,TRUE,2,playful,social,teasing;debate,,,,friends,engagement,,,
Most Like To,Most Likely To,Who is most likely to send a risky text and regret it instantly?,Romance,Multiple Choice,Jay | Kim | Both | Neither,,TRUE,3,flirty,romantic,impulsive;flirty,,,,couples,engagement,,,
Most Like To,Most Likely To,Who is most likely to notice a mood shift first?,Connection,Multiple Choice,Jay | Kim | Both | Neither,,TRUE,3,warm,emotional,empathy;aware,,,,couples,insight,,,
Most Like To,Most Likely To,Who is most likely to double text and then regret it?,Romance,Multiple Choice,Jay | Kim | Both | Neither,,TRUE,2,light,romantic,impulsive;anxious,,,,couples,engagement,,,
Most Like To,Most Likely To,Who is most likely to make a situation awkward without realizing?,Fun,Multiple Choice,Jay | Kim | Both | Neither,,TRUE,1,playful,social,awkward;social,,,,party,engagement,,,
Most Like To,Most Likely To,Who is most likely to notice a change in tone instantly?,Connection,Multiple Choice,Jay | Kim | Both | Neither,,TRUE,3,warm,emotional,observant;empathy,,,,couples,insight,,,
Most Like To,Most Likely To,Who is most likely to turn a small win into a big celebration?,Fun,Multiple Choice,Jay | Kim | Both | Neither,,TRUE,1,playful,social,energy;joy,,,,friends,engagement,,,
Most Like To,Most Likely To,Who is most likely to say “I’m fine” when they’re clearly not?,Connection,Multiple Choice,Jay | Kim | Both | Neither,,TRUE,3,warm,emotional,emotion;avoidance,,,,couples,insight,,,
Most Like To,Most Likely To,Who is most likely to flirt without realizing it?,Romance,Multiple Choice,Jay | Kim | Both | Neither,,TRUE,2,flirty,romantic,natural;flirty,,,,couples,engagement,,,
Most Like To,Most Likely To,Who is most likely to get competitive over something meaningless?,Competition,Multiple Choice,Jay | Kim | Both | Neither,,TRUE,1,playful,social,competitive;fun,,,,games,engagement,,,
Most Like To,Most Likely To,Who is most likely to hype themselves up before doing something small?,Personality,Multiple Choice,Jay | Kim | Both | Neither,,TRUE,1,light,social,energy;confidence,,,,solo,engagement,,,
Most Like To,Most Likely To,Who is most likely to remember exactly how something felt?,Connection,Multiple Choice,Jay | Kim | Both | Neither,,TRUE,3,warm,emotional,emotional;memory,,,,couples,insight,,,
Most Like To,Most Likely To,Who is most likely to turn a joke into something serious?,Personality,Multiple Choice,Jay | Kim | Both | Neither,,TRUE,2,light,emotional,deep;unexpected,,,,friends,engagement,,,
Most Like To,Most Likely To,Who is most likely to get lost in their thoughts mid-conversation?,Personality,Multiple Choice,Jay | Kim | Both | Neither,,TRUE,1,light,emotional,daydreaming;absent,,,,solo,insight,,,
Most Like To,Most Likely To,Who is most likely to make eye contact and not break it?,Romance,Multiple Choice,Jay | Kim | Both | Neither,,TRUE,3,flirty,romantic,intense;flirty,,,,couples,engagement,,,
Most Like To,Most Likely To,Who is most likely to take things too literally?,Fun,Multiple Choice,Jay | Kim | Both | Neither,,TRUE,1,playful,social,literal;humor,,,,party,engagement,,,
Most Like To,Most Likely To,Who is most likely to start something they don’t finish?,Personality,Multiple Choice,Jay | Kim | Both | Neither,,TRUE,1,light,social,scatter;energy,,,,solo,insight,,,
Most Like To,Most Likely To,Who is most likely to comfort someone without saying anything?,Connection,Multiple Choice,Jay | Kim | Both | Neither,,TRUE,3,warm,emotional,support;quiet,,,,couples,insight,,,
Most Like To,Most Likely To,Who is most likely to send a message and instantly check if it’s been read?,Romance,Multiple Choice,Jay | Kim | Both | Neither,,TRUE,2,light,romantic,anxious;attached,,,,couples,engagement,,,
Most Like To,Most Likely To,Who is most likely to keep things light even in serious moments?,Fun,Multiple Choice,Jay | Kim | Both | Neither,,TRUE,2,playful,social,energy;deflection,,,,friends,engagement,,,
Most Like To,Most Likely To,Who is most likely to take a joke personally?,Personality,Multiple Choice,Jay | Kim | Both | Neither,,TRUE,2,light,emotional,sensitive;emotion,,,,friends,insight,,,
Most Like To,Most Likely To,Who is most likely to say exactly what they’re thinking?,Personality,Multiple Choice,Jay | Kim | Both | Neither,,TRUE,2,warm,social,honest;direct,,,,solo,insight,,,
Most Like To,Most Likely To,Who is most likely to notice when someone needs space?,Connection,Multiple Choice,Jay | Kim | Both | Neither,,TRUE,3,warm,emotional,awareness;respect,,,,couples,insight,,,
Most Like To,Most Likely To,Who is most likely to turn a boring moment into something fun?,Fun,Multiple Choice,Jay | Kim | Both | Neither,,TRUE,1,playful,social,creative;energy,,,,friends,engagement,,,
Most Like To,Most Likely To,Who is most likely to replay a conversation in their head later?,Personality,Multiple Choice,Jay | Kim | Both | Neither,,TRUE,2,light,emotional,overthinking;memory,,,,solo,insight,,,
Most Like To,Most Likely To,Who is most likely to smile when they shouldn’t?,Fun,Multiple Choice,Jay | Kim | Both | Neither,,TRUE,1,playful,social,awkward;joy,,,,party,engagement,,,
Most Like To,Most Likely To,Who is most likely to give in during an argument first?,Connection,Multiple Choice,Jay | Kim | Both | Neither,,TRUE,3,warm,emotional,peacekeeping;soft,,,,couples,insight,,,
Most Like To,Most Likely To,Who is most likely to make the first move?,Romance,Multiple Choice,Jay | Kim | Both | Neither,,TRUE,3,flirty,romantic,bold;confident,,,,couples,engagement,,,
Most Like To,Most Likely To,Who is most likely to get distracted by something random?,Fun,Multiple Choice,Jay | Kim | Both | Neither,,TRUE,1,playful,social,random;attention,,,,party,engagement,,,
Most Like To,Most Likely To,Who is most likely to notice details others miss?,Connection,Multiple Choice,Jay | Kim | Both | Neither,,TRUE,2,warm,emotional,observant;detail,,,,couples,insight,,,
Most Like To,Most Likely To,Who is most likely to get shy unexpectedly?,Romance,Multiple Choice,Jay | Kim | Both | Neither,,TRUE,2,flirty,romantic,shy;soft,,,,couples,engagement,,,
Most Like To,Most Likely To,Who is most likely to take the lead in planning something?,Personality,Multiple Choice,Jay | Kim | Both | Neither,,TRUE,2,warm,social,organized;leader,,,,friends,insight,,,
Most Like To,Most Likely To,Who is most likely to turn sarcasm into an art form?,Fun,Multiple Choice,Jay | Kim | Both | Neither,,TRUE,1,playful,social,sarcasm;humor,,,,friends,engagement,,,
Most Like To,Most Likely To,Who is most likely to make others laugh without trying?,Fun,Multiple Choice,Jay | Kim | Both | Neither,,TRUE,1,playful,social,natural;humor,,,,party,engagement,,,
Most Like To,Most Likely To,Who is most likely to stay calm under pressure?,Personality,Multiple Choice,Jay | Kim | Both | Neither,,TRUE,2,warm,emotional,calm;control,,,,solo,insight,,,
Most Like To,Most Likely To,Who is most likely to get excited over a message notification?,Romance,Multiple Choice,Jay | Kim | Both | Neither,,TRUE,2,flirty,romantic,anticipation;joy,,,,couples,engagement,,,
Most Like To,Most Likely To,Who is most likely to say something bold and then laugh it off?,Fun,Multiple Choice,Jay | Kim | Both | Neither,,TRUE,2,playful,social,bold;humor,,,,friends,engagement,,,
Most Like To,Most Likely To,Who is most likely to remember a random detail from years ago?,Connection,Multiple Choice,Jay | Kim | Both | Neither,,TRUE,2,warm,emotional,memory;detail,,,,couples,insight,,,
Most Like To,Most Likely To,Who is most likely to turn a moment into something romantic?,Romance,Multiple Choice,Jay | Kim | Both | Neither,,TRUE,3,flirty,romantic,romantic;intentional,,,,couples,engagement,,,
Most Like To,Most Likely To,Who is most likely to act first and think later?,Personality,Multiple Choice,Jay | Kim | Both | Neither,,TRUE,2,light,social,impulsive;energy,,,,solo,insight,,,
Most Like To,Most Likely To,Who is most likely to notice when someone is uncomfortable?,Connection,Multiple Choice,Jay | Kim | Both | Neither,,TRUE,3,warm,emotional,empathy;awareness,,,,couples,insight,,,
Most Like To,Most Likely To,Who is most likely to keep a joke going longer than needed?,Fun,Multiple Choice,Jay | Kim | Both | Neither,,TRUE,1,playful,social,persistent;humor,,,,friends,engagement,,,
Most Like To,Most Likely To,Who is most likely to make a serious situation lighter?,Fun,Multiple Choice,Jay | Kim | Both | Neither,,TRUE,2,playful,social,humor;balance,,,,friends,engagement,,,
Most Like To,Most Likely To,Who is most likely to blush at a compliment?,Romance,Multiple Choice,Jay | Kim | Both | Neither,,TRUE,2,flirty,romantic,shy;flirty,,,,couples,engagement,,,
Most Like To,Most Likely To,Who is most likely to turn silence into something comfortable?,Connection,Multiple Choice,Jay | Kim | Both | Neither,,TRUE,3,warm,emotional,calm;presence,,,,couples,insight,,,
Most Like To,Most Likely To,Who is most likely to push boundaries just a little?,Fun,Multiple Choice,Jay | Kim | Both | Neither,,TRUE,2,playful,social,bold;playful,,,,party,engagement,,,
Most Like To,Most Likely To,Who is most likely to notice when energy shifts in a room?,Connection,Multiple Choice,Jay | Kim | Both | Neither,,TRUE,3,warm,emotional,awareness;social,,,,friends,insight,,,
Most Like To,Most Likely To,Who is most likely to get emotionally invested quickly?,Romance,Multiple Choice,Jay | Kim | Both | Neither,,TRUE,3,flirty,romantic,attached;emotion,,,,couples,engagement,,,
Most Like To,Most Likely To,Who is most likely to joke when they’re nervous?,Personality,Multiple Choice,Jay | Kim | Both | Neither,,TRUE,2,light,emotional,deflection;humor,,,,solo,insight,,,
Most Like To,Most Likely To,Who is most likely to make a moment feel special?,Connection,Multiple Choice,Jay | Kim | Both | Neither,,TRUE,3,warm,emotional,intentional;warm,,,,couples,insight,,,
Most Like To,Most Likely To,Who is most likely to take control in a chaotic situation?,Personality,Multiple Choice,Jay | Kim | Both | Neither,,TRUE,2,warm,social,leader;calm,,,,friends,insight,,,
Most Like To,Most Likely To,Who is most likely to flirt through teasing?,Romance,Multiple Choice,Jay | Kim | Both | Neither,,TRUE,3,flirty,romantic,teasing;flirty,,,,couples,engagement,,,
Most Like To,Most Likely To,Who is most likely to laugh at their own jokes first?,Fun,Multiple Choice,Jay | Kim | Both | Neither,,TRUE,1,playful,social,self-aware;humor,,,,party,engagement,,,
Most Like To,Most Likely To,Who is most likely to make someone feel instantly comfortable?,Connection,Multiple Choice,Jay | Kim | Both | Neither,,TRUE,2,warm,emotional,warm;social,,,,friends,engagement,,,
Most Like To,Most Likely To,Who is most likely to get competitive during a friendly game?,Competition,Multiple Choice,Jay | Kim | Both | Neither,,TRUE,1,playful,social,competitive;fun,,,,games,engagement,,,
Most Like To,Most Likely To,Who is most likely to send a thoughtful message out of nowhere?,Connection,Multiple Choice,Jay | Kim | Both | Neither,,TRUE,3,warm,emotional,kind;intentional,,,,couples,insight,,,
Most Like To,Most Likely To,Who is most likely to turn a simple idea into a big plan?,Personality,Multiple Choice,Jay | Kim | Both | Neither,,TRUE,2,light,social,creative;vision,,,,solo,insight,,,
Most Like To,Most Likely To,Who is most likely to notice when someone is left out?,Connection,Multiple Choice,Jay | Kim | Both | Neither,,TRUE,3,warm,social,inclusive;aware,,,,friends,insight,,,
Most Like To,Most Likely To,Who is most likely to make playful eye contact across the room?,Romance,Multiple Choice,Jay | Kim | Both | Neither,,TRUE,3,flirty,romantic,flirty;subtle,,,,couples,engagement,,,
Most Like To,Most Likely To,Who is most likely to get excited about future plans?,Fun,Multiple Choice,Jay | Kim | Both | Neither,,TRUE,1,playful,social,anticipation;energy,,,,friends,engagement,,,
Most Like To,Most Likely To,Who is most likely to respond with humor instead of seriousness?,Fun,Multiple Choice,Jay | Kim | Both | Neither,,TRUE,2,playful,social,humor;deflection,,,,friends,engagement,,,
Most Like To,Most Likely To,Who is most likely to remember how someone likes things done?,Connection,Multiple Choice,Jay | Kim | Both | Neither,,TRUE,3,warm,emotional,detail;care,,,,couples,insight,,,
Most Like To,Most Likely To,Who is most likely to take a compliment and deflect it?,Personality,Multiple Choice,Jay | Kim | Both | Neither,,TRUE,2,light,emotional,shy;deflect,,,,solo,insight,,,
Most Like To,Most Likely To,Who is most likely to create a vibe wherever they go?,Fun,Multiple Choice,Jay | Kim | Both | Neither,,TRUE,1,playful,social,energy;social,,,,party,engagement,,,
Most Like To,Most Likely To,Who is most likely to be the first to apologize sincerely?,Connection,Multiple Choice,Jay | Kim | Both | Neither,,TRUE,3,warm,emotional,accountability;warm,,,,couples,insight,,,
Most Like To,Most Likely To,Who is most likely to push for “just one more thing”?,Fun,Multiple Choice,Jay | Kim | Both | Neither,,TRUE,1,playful,social,energy;persistent,,,,friends,engagement,,,
Most Like To,Most Likely To,Who is most likely to get lost in a deep conversation?,Connection,Multiple Choice,Jay | Kim | Both | Neither,,TRUE,3,warm,emotional,depth;focus,,,,couples,insight,,,
Most Like To,Most Likely To,Who is most likely to say something unexpectedly flirty?,Romance,Multiple Choice,Jay | Kim | Both | Neither,,TRUE,3,flirty,romantic,bold;flirty,,,,couples,engagement,,,
Most Like To,Most Likely To,Who is most likely to make a quiet moment feel intense?,Romance,Multiple Choice,Jay | Kim | Both | Neither,,TRUE,3,flirty,romantic,intense;subtle,,,,couples,engagement,,,
Most Like To,Most Likely To,Who is most likely to notice when someone needs encouragement?,Connection,Multiple Choice,Jay | Kim | Both | Neither,,TRUE,3,warm,emotional,support;aware,,,,couples,insight,,,
Most Like To,Most Likely To,Who is most likely to take something small and overanalyze it?,Personality,Multiple Choice,Jay | Kim | Both | Neither,,TRUE,2,light,emotional,overthinking;detail,,,,solo,insight,,,
Most Like To,Most Likely To,Who is most likely to make a risky joke?,Fun,Multiple Choice,Jay | Kim | Both | Neither,,TRUE,2,playful,social,bold;humor,,,,friends,engagement,,,
Most Like To,Most Likely To,Who is most likely to keep their cool in a tense moment?,Personality,Multiple Choice,Jay | Kim | Both | Neither,,TRUE,2,warm,emotional,calm;control,,,,solo,insight,,,
Most Like To,Most Likely To,Who is most likely to give a meaningful look instead of words?,Romance,Multiple Choice,Jay | Kim | Both | Neither,,TRUE,3,flirty,romantic,subtle;intense,,,,couples,engagement,,,
Most Like To,Most Likely To,Who is most likely to bring up something thoughtful later?,Connection,Multiple Choice,Jay | Kim | Both | Neither,,TRUE,3,warm,emotional,memory;care,,,,couples,insight,,,
Most Like To,Most Likely To,Who is most likely to lighten the mood instantly?,Fun,Multiple Choice,Jay | Kim | Both | Neither,,TRUE,1,playful,social,energy;humor,,,,party,engagement,,,
Most Like To,Most Likely To,Who is most likely to notice tension before anyone else?,Connection,Multiple Choice,Jay | Kim | Both | Neither,,TRUE,3,warm,emotional,awareness;intuition,,,,couples,insight,,,
Most Like To,Most Likely To,Who is most likely to get competitive without warning?,Competition,Multiple Choice,Jay | Kim | Both | Neither,,TRUE,2,playful,social,competitive;energy,,,,games,engagement,,,
Most Like To,Most Likely To,Who is most likely to turn something simple into something meaningful?,Connection,Multiple Choice,Jay | Kim | Both | Neither,,TRUE,3,warm,emotional,intentional;depth,,,,couples,insight,,,
Most Like To,Most Likely To,Who is most likely to make someone laugh during a serious moment?,Fun,Multiple Choice,Jay | Kim | Both | Neither,,TRUE,2,playful,social,humor;timing,,,,friends,engagement,,,
Most Like To,Most Likely To,Who is most likely to act confident even when unsure?,Personality,Multiple Choice,Jay | Kim | Both | Neither,,TRUE,2,light,emotional,confidence;masking,,,,solo,insight,,,
Most Like To,Most Likely To,Who is most likely to notice when someone feels left out?,Connection,Multiple Choice,Jay | Kim | Both | Neither,,TRUE,3,warm,social,inclusive;aware,,,,friends,insight,,,
Most Like To,Most Likely To,Who is most likely to flirt in a subtle way?,Romance,Multiple Choice,Jay | Kim | Both | Neither,,TRUE,3,flirty,romantic,subtle;flirty,,,,couples,engagement,,,
Most Like To,Most Likely To,Who is most likely to take charge in a group setting?,Personality,Multiple Choice,Jay | Kim | Both | Neither,,TRUE,2,warm,social,leader;social,,,,friends,insight,,,
Most Like To,Most Likely To,Who is most likely to make a moment feel cinematic?,Romance,Multiple Choice,Jay | Kim | Both | Neither,,TRUE,3,flirty,romantic,dramatic;intentional,,,,couples,engagement,,,
Most Like To,Most Likely To,Who is most likely to keep things balanced in a group?,Connection,Multiple Choice,Jay | Kim | Both | Neither,,TRUE,2,warm,social,balance;social,,,,friends,insight,,,
Most Like To,Most Likely To,Who is most likely to turn something awkward into something funny?,Fun,Multiple Choice,Jay | Kim | Both | Neither,,TRUE,1,playful,social,awkward;humor,,,,party,engagement,,,
Most Like To,Most Likely To,Who is most likely to notice emotional shifts quickly?,Connection,Multiple Choice,Jay | Kim | Both | Neither,,TRUE,3,warm,emotional,empathy;intuition,,,,couples,insight,,,
Most Like To,Most Likely To,Who is most likely to get excited over a small detail?,Fun,Multiple Choice,Jay | Kim | Both | Neither,,TRUE,1,playful,social,joy;detail,,,,friends,engagement,,,
Most Like To,Most Likely To,Who is most likely to say something bold at the right time?,Personality,Multiple Choice,Jay | Kim | Both | Neither,,TRUE,2,warm,social,confident;timing,,,,friends,insight,,,
Most Like To,Most Likely To,Who is most likely to create a meaningful moment out of nowhere?,Connection,Multiple Choice,Jay | Kim | Both | Neither,,TRUE,3,warm,emotional,depth;intentional,,,,couples,insight,,,
Most Like To,Most Likely To,Who is most likely to get emotionally attached to a song?,Connection,Multiple Choice,Jay | Kim | Both | Neither,,TRUE,2,warm,emotional,sentimental;music,,,,solo,insight,,,
Most Like To,Most Likely To,Who is most likely to send a long message instead of a short reply?,Personality,Multiple Choice,Jay | Kim | Both | Neither,,TRUE,2,light,emotional,expressive;detail,,,,solo,insight,,,
Most Like To,Most Likely To,Who is most likely to laugh during a serious conversation?,Fun,Multiple Choice,Jay | Kim | Both | Neither,,TRUE,1,playful,social,awkward;humor,,,,friends,engagement,,,
Most Like To,Most Likely To,Who is most likely to remember an exact phrase someone said?,Connection,Multiple Choice,Jay | Kim | Both | Neither,,TRUE,2,warm,emotional,memory;detail,,,,couples,insight,,,
Most Like To,Most Likely To,Who is most likely to flirt through sarcasm?,Romance,Multiple Choice,Jay | Kim | Both | Neither,,TRUE,3,flirty,romantic,sarcasm;flirty,,,,couples,engagement,,,
Most Like To,Most Likely To,Who is most likely to take charge when plans fall apart?,Personality,Multiple Choice,Jay | Kim | Both | Neither,,TRUE,2,warm,social,leader;adaptable,,,,friends,insight,,,
Most Like To,Most Likely To,Who is most likely to notice when someone is overthinking?,Connection,Multiple Choice,Jay | Kim | Both | Neither,,TRUE,3,warm,emotional,awareness;empathy,,,,couples,insight,,,
Most Like To,Most Likely To,Who is most likely to turn a small mistake into a joke?,Fun,Multiple Choice,Jay | Kim | Both | Neither,,TRUE,1,playful,social,humor;recovery,,,,party,engagement,,,
Most Like To,Most Likely To,Who is most likely to get quiet when something matters?,Personality,Multiple Choice,Jay | Kim | Both | Neither,,TRUE,2,light,emotional,introvert;emotion,,,,solo,insight,,,
Most Like To,Most Likely To,Who is most likely to send a risky joke in the chat?,Fun,Multiple Choice,Jay | Kim | Both | Neither,,TRUE,2,playful,social,bold;humor,,,,friends,engagement,,,
Most Like To,Most Likely To,Who is most likely to notice when someone needs reassurance?,Connection,Multiple Choice,Jay | Kim | Both | Neither,,TRUE,3,warm,emotional,support;aware,,,,couples,insight,,,
Most Like To,Most Likely To,Who is most likely to act confident in unfamiliar situations?,Personality,Multiple Choice,Jay | Kim | Both | Neither,,TRUE,2,warm,social,confident;adaptive,,,,solo,insight,,,
Most Like To,Most Likely To,Who is most likely to get competitive in a playful way?,Competition,Multiple Choice,Jay | Kim | Both | Neither,,TRUE,1,playful,social,playful;competitive,,,,games,engagement,,,
Most Like To,Most Likely To,Who is most likely to make someone feel special without trying?,Connection,Multiple Choice,Jay | Kim | Both | Neither,,TRUE,2,warm,emotional,natural;warm,,,,couples,engagement,,,
Most Like To,Most Likely To,Who is most likely to text “are you up?” late at night?,Romance,Multiple Choice,Jay | Kim | Both | Neither,,TRUE,3,flirty,romantic,flirty;impulsive,,,,couples,engagement,,,
Most Like To,Most Likely To,Who is most likely to remember birthdays without reminders?,Connection,Multiple Choice,Jay | Kim | Both | Neither,,TRUE,2,warm,emotional,memory;care,,,,friends,insight,,,
Most Like To,Most Likely To,Who is most likely to get lost in a moment and forget everything else?,Personality,Multiple Choice,Jay | Kim | Both | Neither,,TRUE,2,light,emotional,present;focused,,,,solo,insight,,,
Most Like To,Most Likely To,Who is most likely to make something awkward feel normal?,Fun,Multiple Choice,Jay | Kim | Both | Neither,,TRUE,1,playful,social,social;balance,,,,friends,engagement,,,
Most Like To,Most Likely To,Who is most likely to flirt through eye contact alone?,Romance,Multiple Choice,Jay | Kim | Both | Neither,,TRUE,3,flirty,romantic,subtle;intense,,,,couples,engagement,,,
Most Like To,Most Likely To,Who is most likely to keep a calm presence in a stressful moment?,Personality,Multiple Choice,Jay | Kim | Both | Neither,,TRUE,2,warm,emotional,calm;grounded,,,,solo,insight,,,
Most Like To,Most Likely To,Who is most likely to notice when someone feels out of place?,Connection,Multiple Choice,Jay | Kim | Both | Neither,,TRUE,3,warm,social,inclusive;aware,,,,friends,insight,,,
Most Like To,Most Likely To,Who is most likely to make a boring situation entertaining?,Fun,Multiple Choice,Jay | Kim | Both | Neither,,TRUE,1,playful,social,creative;energy,,,,party,engagement,,,
Most Like To,Most Likely To,Who is most likely to send a thoughtful follow-up message?,Connection,Multiple Choice,Jay | Kim | Both | Neither,,TRUE,3,warm,emotional,intentional;care,,,,couples,insight,,,
Most Like To,Most Likely To,Who is most likely to joke instead of answering seriously?,Fun,Multiple Choice,Jay | Kim | Both | Neither,,TRUE,2,playful,social,deflection;humor,,,,friends,engagement,,,
Most Like To,Most Likely To,Who is most likely to get attached quickly in conversations?,Romance,Multiple Choice,Jay | Kim | Both | Neither,,TRUE,3,flirty,romantic,attachment;emotion,,,,couples,engagement,,,
Most Like To,Most Likely To,Who is most likely to plan something and actually follow through?,Personality,Multiple Choice,Jay | Kim | Both | Neither,,TRUE,2,warm,social,reliable;organized,,,,solo,insight,,,
Most Like To,Most Likely To,Who is most likely to notice subtle changes in behavior?,Connection,Multiple Choice,Jay | Kim | Both | Neither,,TRUE,3,warm,emotional,observant;aware,,,,couples,insight,,,
Most Like To,Most Likely To,Who is most likely to make someone laugh in seconds?,Fun,Multiple Choice,Jay | Kim | Both | Neither,,TRUE,1,playful,social,humor;timing,,,,party,engagement,,,
Most Like To,Most Likely To,Who is most likely to turn tension into something playful?,Fun,Multiple Choice,Jay | Kim | Both | Neither,,TRUE,2,playful,social,energy;balance,,,,friends,engagement,,,
Most Like To,Most Likely To,Who is most likely to give a genuine compliment unexpectedly?,Connection,Multiple Choice,Jay | Kim | Both | Neither,,TRUE,2,warm,emotional,kind;spontaneous,,,,couples,engagement,,,
Most Like To,Most Likely To,Who is most likely to send voice notes instead of texts?,Personality,Multiple Choice,Jay | Kim | Both | Neither,,TRUE,1,light,social,expressive;social,,,,solo,insight,,,
Most Like To,Most Likely To,Who is most likely to make something sound more exciting than it is?,Fun,Multiple Choice,Jay | Kim | Both | Neither,,TRUE,1,playful,social,dramatic;energy,,,,friends,engagement,,,
Most Like To,Most Likely To,Who is most likely to flirt through jokes?,Romance,Multiple Choice,Jay | Kim | Both | Neither,,TRUE,3,flirty,romantic,playful;flirty,,,,couples,engagement,,,
Most Like To,Most Likely To,Who is most likely to notice when someone is holding back?,Connection,Multiple Choice,Jay | Kim | Both | Neither,,TRUE,3,warm,emotional,empathy;depth,,,,couples,insight,,,
Most Like To,Most Likely To,Who is most likely to take initiative without being asked?,Personality,Multiple Choice,Jay | Kim | Both | Neither,,TRUE,2,warm,social,proactive;leader,,,,solo,insight,,,
Most Like To,Most Likely To,Who is most likely to get nostalgic late at night?,Connection,Multiple Choice,Jay | Kim | Both | Neither,,TRUE,2,warm,emotional,sentimental;night,,,,solo,insight,,,
Most Like To,Most Likely To,Who is most likely to keep things playful in any situation?,Fun,Multiple Choice,Jay | Kim | Both | Neither,,TRUE,1,playful,social,energy;playful,,,,party,engagement,,,
Most Like To,Most Likely To,Who is most likely to turn a simple moment into something deep?,Connection,Multiple Choice,Jay | Kim | Both | Neither,,TRUE,3,warm,emotional,depth;intentional,,,,couples,insight,,,
Most Like To,Most Likely To,Who is most likely to say something unexpectedly honest?,Personality,Multiple Choice,Jay | Kim | Both | Neither,,TRUE,2,warm,social,honest;direct,,,,solo,insight,,,
Most Like To,Most Likely To,Who is most likely to pick up on unspoken tension?,Connection,Multiple Choice,Jay | Kim | Both | Neither,,TRUE,3,warm,emotional,intuition;awareness,,,,couples,insight,,,
Most Like To,Most Likely To,Who is most likely to make others feel heard?,Connection,Multiple Choice,Jay | Kim | Both | Neither,,TRUE,3,warm,emotional,listening;care,,,,couples,insight,,,
Most Like To,Most Likely To,Who is most likely to turn something small into a running joke?,Fun,Multiple Choice,Jay | Kim | Both | Neither,,TRUE,1,playful,social,humor;memory,,,,friends,engagement,,,
Most Like To,Most Likely To,Who is most likely to flirt without words?,Romance,Multiple Choice,Jay | Kim | Both | Neither,,TRUE,3,flirty,romantic,subtle;energy,,,,couples,engagement,,,
Most Like To,Most Likely To,Who is most likely to stay positive when things go wrong?,Personality,Multiple Choice,Jay | Kim | Both | Neither,,TRUE,2,warm,emotional,optimistic;resilient,,,,solo,insight,,,
Most Like To,Most Likely To,Who is most likely to make a quiet moment feel meaningful?,Connection,Multiple Choice,Jay | Kim | Both | Neither,,TRUE,3,warm,emotional,presence;depth,,,,couples,insight,,,
Most Like To,Most Likely To,Who is most likely to take a joke too far?,Fun,Multiple Choice,Jay | Kim | Both | Neither,,TRUE,2,playful,social,bold;humor,,,,friends,engagement,,,
Most Like To,Most Likely To,Who is most likely to notice when someone needs a break?,Connection,Multiple Choice,Jay | Kim | Both | Neither,,TRUE,3,warm,emotional,awareness;care,,,,couples,insight,,,
Most Like To,Most Likely To,Who is most likely to create inside jokes quickly?,Fun,Multiple Choice,Jay | Kim | Both | Neither,,TRUE,1,playful,social,creative;social,,,,friends,engagement,,,
Most Like To,Most Likely To,Who is most likely to flirt through compliments?,Romance,Multiple Choice,Jay | Kim | Both | Neither,,TRUE,3,flirty,romantic,direct;flirty,,,,couples,engagement,,,
Most Like To,Most Likely To,Who is most likely to step up when no one else does?,Personality,Multiple Choice,Jay | Kim | Both | Neither,,TRUE,2,warm,social,leader;initiative,,,,friends,insight,,,
Most Like To,Most Likely To,Who is most likely to remember something meaningful later?,Connection,Multiple Choice,Jay | Kim | Both | Neither,,TRUE,3,warm,emotional,memory;care,,,,couples,insight,,,
Most Like To,Most Likely To,Who is most likely to make someone feel instantly at ease?,Connection,Multiple Choice,Jay | Kim | Both | Neither,,TRUE,2,warm,emotional,warm;social,,,,friends,engagement,,,
Most Like To,Most Likely To,Who is most likely to turn awkward silence into laughter?,Fun,Multiple Choice,Jay | Kim | Both | Neither,,TRUE,1,playful,social,humor;timing,,,,party,engagement,,,
Most Like To,Most Likely To,Who is most likely to send a message they overthink later?,Personality,Multiple Choice,Jay | Kim | Both | Neither,,TRUE,2,light,emotional,overthinking;text,,,,solo,insight,,,
Most Like To,Most Likely To,Who is most likely to get emotionally invested in a conversation?,Connection,Multiple Choice,Jay | Kim | Both | Neither,,TRUE,3,warm,emotional,depth;emotion,,,,couples,insight,,,
Most Like To,Most Likely To,Who is most likely to act playful even when serious?,Fun,Multiple Choice,Jay | Kim | Both | Neither,,TRUE,2,playful,social,energy;deflection,,,,friends,engagement,,,
Most Like To,Most Likely To,Who is most likely to give meaningful advice?,Connection,Multiple Choice,Jay | Kim | Both | Neither,,TRUE,3,warm,emotional,insight;support,,,,couples,insight,,,
Most Like To,Most Likely To,Who is most likely to flirt in a confident way?,Romance,Multiple Choice,Jay | Kim | Both | Neither,,TRUE,3,flirty,romantic,confident;direct,,,,couples,engagement,,,
Most Like To,Most Likely To,Who is most likely to turn something simple into something memorable?,Connection,Multiple Choice,Jay | Kim | Both | Neither,,TRUE,3,warm,emotional,intentional;memory,,,,couples,insight,,,
Most Like To,Most Likely To,Who is most likely to take control in a group decision?,Personality,Multiple Choice,Jay | Kim | Both | Neither,,TRUE,2,warm,social,leader;decisive,,,,friends,insight,,,
Most Like To,Most Likely To,Who is most likely to notice when someone is nervous?,Connection,Multiple Choice,Jay | Kim | Both | Neither,,TRUE,3,warm,emotional,empathy;awareness,,,,couples,insight,,,
Most Like To,Most Likely To,Who is most likely to make something feel exciting instantly?,Fun,Multiple Choice,Jay | Kim | Both | Neither,,TRUE,1,playful,social,energy;enthusiasm,,,,party,engagement,,,
Most Like To,Most Likely To,Who is most likely to keep a conversation going effortlessly?,Connection,Multiple Choice,Jay | Kim | Both | Neither,,TRUE,2,warm,social,social;flow,,,,friends,engagement,,,
Most Like To,Most Likely To,Who is most likely to flirt through teasing comments?,Romance,Multiple Choice,Jay | Kim | Both | Neither,,TRUE,3,flirty,romantic,teasing;flirty,,,,couples,engagement,,,
Most Like To,Most Likely To,Who is most likely to say something meaningful at the perfect time?,Connection,Multiple Choice,Jay | Kim | Both | Neither,,TRUE,3,warm,emotional,timing;depth,,,,couples,insight,,,
Most Like To,Most Likely To,Who is most likely to turn something awkward into something charming?,Fun,Multiple Choice,Jay | Kim | Both | Neither,,TRUE,1,playful,social,charm;humor,,,,friends,engagement,,,
Most Like To,Most Likely To,Who is most likely to get caught daydreaming?,Personality,Multiple Choice,Jay | Kim | Both | Neither,,TRUE,1,light,emotional,dreamy;absent,,,,solo,insight,,,
Most Like To,Most Likely To,Who is most likely to notice when someone needs encouragement?,Connection,Multiple Choice,Jay | Kim | Both | Neither,,TRUE,3,warm,emotional,support;care,,,,couples,insight,,,
Most Like To,Most Likely To,Who is most likely to create a memorable moment without planning it?,Connection,Multiple Choice,Jay | Kim | Both | Neither,,TRUE,3,warm,emotional,spontaneous;depth,,,,couples,insight,,,
Most Like To,Most Likely To,Who is most likely to flirt through subtle gestures?,Romance,Multiple Choice,Jay | Kim | Both | Neither,,TRUE,3,flirty,romantic,subtle;gesture,,,,couples,engagement,,,
Most Like To,Most Likely To,Who is most likely to keep things fun even when plans fail?,Fun,Multiple Choice,Jay | Kim | Both | Neither,,TRUE,1,playful,social,adaptable;energy,,,,friends,engagement,,,
Most Like To,Most Likely To,Who is most likely to say something bold and stand by it?,Personality,Multiple Choice,Jay | Kim | Both | Neither,,TRUE,2,warm,social,confident;direct,,,,solo,insight,,,
Most Like To,Most Likely To,Who is most likely to notice emotional distance quickly?,Connection,Multiple Choice,Jay | Kim | Both | Neither,,TRUE,3,warm,emotional,intuition;depth,,,,couples,insight,,,
Most Like To,Most Likely To,Who is most likely to make a moment feel more intense?,Romance,Multiple Choice,Jay | Kim | Both | Neither,,TRUE,3,flirty,romantic,intense;presence,,,,couples,engagement,,,
Most Like To,Most Likely To,Who is most likely to bring energy into a quiet room?,Fun,Multiple Choice,Jay | Kim | Both | Neither,,TRUE,1,playful,social,energy;social,,,,party,engagement,,,
Most Like To,Most Likely To,Who is most likely to give someone confidence without saying much?,Connection,Multiple Choice,Jay | Kim | Both | Neither,,TRUE,3,warm,emotional,support;presence,,,,couples,insight,,,
Most Like To,Most Likely To,Who is most likely to turn a conversation into something deeper?,Connection,Multiple Choice,Jay | Kim | Both | Neither,,TRUE,3,warm,emotional,depth;flow,,,,couples,insight,,,
Most Like To,Most Likely To,Who is most likely to flirt through playful challenges?,Romance,Multiple Choice,Jay | Kim | Both | Neither,,TRUE,3,flirty,romantic,challenge;flirty,,,,couples,engagement,,,
Most Like To,Most Likely To,Who is most likely to keep things balanced in a tense moment?,Connection,Multiple Choice,Jay | Kim | Both | Neither,,TRUE,2,warm,emotional,balance;calm,,,,friends,insight,,,
Most Like To,Most Likely To,Who is most likely to make others feel included naturally?,Connection,Multiple Choice,Jay | Kim | Both | Neither,,TRUE,2,warm,social,inclusive;warm,,,,friends,engagement,,,
Most Like To,Most Likely To,Who is most likely to make something feel more exciting than expected?,Fun,Multiple Choice,Jay | Kim | Both | Neither,,TRUE,1,playful,social,energy;excitement,,,,party,engagement,,,
